,School Name,Day,Month,Date,Time,Year,Hour,Minute,Second,File Name,Full Path
0,Rev. Erickson,Fri,Feb,16,10:13:36,2018,10,13,36,Rev. Erickson_Fri_Feb_16_10:13:36_2018.avi,/Volumes/Seagate/MY_COPY/Rev. Erickson/Rev. Erickson_Fri_Feb_16_10:13:36_2018.avi
1,Rev. Erickson,Fri,Feb,16,12:13:32,2018,12,13,32,Rev. Erickson_Fri_Feb_16_12:13:32_2018.avi,/Volumes/Seagate/MY_COPY/Rev. Erickson/Rev. Erickson_Fri_Feb_16_12:13:32_2018.avi
2,Rev. Erickson,Fri,Feb,16,12:21:10,2018,12,21,10,Rev. Erickson_Fri_Feb_16_12:21:10_2018.avi,/Volumes/Seagate/MY_COPY/Rev. Erickson/Rev. Erickson_Fri_Feb_16_12:21:10_2018.avi
3,Rev. Erickson,Fri,Feb,16,12:21:46,2018,12,21,46,Rev. Erickson_Fri_Feb_16_12:21:46_2018.avi,/Volumes/Seagate/MY_COPY/Rev. Erickson/Rev. Erickson_Fri_Feb_16_12:21:46_2018.avi
4,Rev. Erickson,Fri,Feb,16,13:08:46,2018,13,8,46,Rev. Erickson_Fri_Feb_16_13:08:46_2018.avi,/Volumes/Seagate/MY_COPY/Rev. Erickson/Rev. Erickson_Fri_Feb_16_13:08:46_2018.avi
5,Rev. Erickson,Fri,Feb,16,13:10:14,2018,13,10,14,Rev. Erickson_Fri_Feb_16_13:10:14_2018.avi,/Volumes/Seagate/MY_COPY/Rev. Erickson/Rev. Erickson_Fri_Feb_16_13:10:14_2018.avi
6,Rev. Erickson,Fri,Feb,16,13:10:50,2018,13,10,50,Rev. Erickson_Fri_Feb_16_13:10:50_2018.avi,/Volumes/Seagate/MY_COPY/Rev. Erickson/Rev. Erickson_Fri_Feb_16_13:10:50_2018.avi
7,Rev. Erickson,Fri,Feb,16,13:11:44,2018,13,11,44,Rev. Erickson_Fri_Feb_16_13:11:44_2018.avi,/Volumes/Seagate/MY_COPY/Rev. Erickson/Rev. Erickson_Fri_Feb_16_13:11:44_2018.avi
8,Rev. Erickson,Fri,Feb,16,13:12:22,2018,13,12,22,Rev. Erickson_Fri_Feb_16_13:12:22_2018.avi,/Volumes/Seagate/MY_COPY/Rev. Erickson/Rev. Erickson_Fri_Feb_16_13:12:22_2018.avi
9,Rev. Erickson,Fri,Feb,16,13:13:06,2018,13,13,6,Rev. Erickson_Fri_Feb_16_13:13:06_2018.avi,/Volumes/Seagate/MY_COPY/Rev. Erickson/Rev. Erickson_Fri_Feb_16_13:13:06_2018.avi
10,Rev. Erickson,Fri,Feb,16,13:13:40,2018,13,13,40,Rev. Erickson_Fri_Feb_16_13:13:40_2018.avi,/Volumes/Seagate/MY_COPY/Rev. Erickson/Rev. Erickson_Fri_Feb_16_13:13:40_2018.avi
11,Rev. Erickson,Fri,Feb,16,13:14:16,2018,13,14,16,Rev. Erickson_Fri_Feb_16_13:14:16_2018.avi,/Volumes/Seagate/MY_COPY/Rev. Erickson/Rev. Erickson_Fri_Feb_16_13:14:16_2018.avi
12,Rev. Erickson,Fri,Feb,16,13:14:48,2018,13,14,48,Rev. Erickson_Fri_Feb_16_13:14:48_2018.avi,/Volumes/Seagate/MY_COPY/Rev. Erickson/Rev. Erickson_Fri_Feb_16_13:14:48_2018.avi
13,Rev. Erickson,Fri,Feb,16,13:15:26,2018,13,15,26,Rev. Erickson_Fri_Feb_16_13:15:26_2018.avi,/Volumes/Seagate/MY_COPY/Rev. Erickson/Rev. Erickson_Fri_Feb_16_13:15:26_2018.avi
14,Rev. Erickson,Fri,Feb,16,13:15:58,2018,13,15,58,Rev. Erickson_Fri_Feb_16_13:15:58_2018.avi,/Volumes/Seagate/MY_COPY/Rev. Erickson/Rev. Erickson_Fri_Feb_16_13:15:58_2018.avi
15,Rev. Erickson,Fri,Feb,16,13:16:58,2018,13,16,58,Rev. Erickson_Fri_Feb_16_13:16:58_2018.avi,/Volumes/Seagate/MY_COPY/Rev. Erickson/Rev. Erickson_Fri_Feb_16_13:16:58_2018.avi
16,Rev. Erickson,Fri,Feb,16,13:17:30,2018,13,17,30,Rev. Erickson_Fri_Feb_16_13:17:30_2018.avi,/Volumes/Seagate/MY_COPY/Rev. Erickson/Rev. Erickson_Fri_Feb_16_13:17:30_2018.avi
17,Rev. Erickson,Fri,Feb,16,13:18:02,2018,13,18,2,Rev. Erickson_Fri_Feb_16_13:18:02_2018.avi,/Volumes/Seagate/MY_COPY/Rev. Erickson/Rev. Erickson_Fri_Feb_16_13:18:02_2018.avi
18,Rev. Erickson,Fri,Feb,16,13:18:54,2018,13,18,54,Rev. Erickson_Fri_Feb_16_13:18:54_2018.avi,/Volumes/Seagate/MY_COPY/Rev. Erickson/Rev. Erickson_Fri_Feb_16_13:18:54_2018.avi
19,Rev. Erickson,Fri,Feb,16,13:19:42,2018,13,19,42,Rev. Erickson_Fri_Feb_16_13:19:42_2018.avi,/Volumes/Seagate/MY_COPY/Rev. Erickson/Rev. Erickson_Fri_Feb_16_13:19:42_2018.avi
20,Rev. Erickson,Fri,Feb,16,13:20:14,2018,13,20,14,Rev. Erickson_Fri_Feb_16_13:20:14_2018.avi,/Volumes/Seagate/MY_COPY/Rev. Erickson/Rev. Erickson_Fri_Feb_16_13:20:14_2018.avi
21,Rev. Erickson,Fri,Feb,16,13:20:50,2018,13,20,50,Rev. Erickson_Fri_Feb_16_13:20:50_2018.avi,/Volumes/Seagate/MY_COPY/Rev. Erickson/Rev. Erickson_Fri_Feb_16_13:20:50_2018.avi
22,Rev. Erickson,Fri,Feb,16,13:21:42,2018,13,21,42,Rev. Erickson_Fri_Feb_16_13:21:42_2018.avi,/Volumes/Seagate/MY_COPY/Rev. Erickson/Rev. Erickson_Fri_Feb_16_13:21:42_2018.avi
23,Rev. Erickson,Fri,Feb,16,13:23:40,2018,13,23,40,Rev. Erickson_Fri_Feb_16_13:23:40_2018.avi,/Volumes/Seagate/MY_COPY/Rev. Erickson/Rev. Erickson_Fri_Feb_16_13:23:40_2018.avi
24,Rev. Erickson,Fri,Feb,16,13:24:14,2018,13,24,14,Rev. Erickson_Fri_Feb_16_13:24:14_2018.avi,/Volumes/Seagate/MY_COPY/Rev. Erickson/Rev. Erickson_Fri_Feb_16_13:24:14_2018.avi
25,Rev. Erickson,Fri,Feb,16,13:24:52,2018,13,24,52,Rev. Erickson_Fri_Feb_16_13:24:52_2018.avi,/Volumes/Seagate/MY_COPY/Rev. Erickson/Rev. Erickson_Fri_Feb_16_13:24:52_2018.avi
26,Rev. Erickson,Fri,Feb,9,08:57:34,2018,8,57,34,Rev. Erickson_Fri_Feb_9_08:57:34_2018.avi,/Volumes/Seagate/MY_COPY/Rev. Erickson/Rev. Erickson_Fri_Feb_9_08:57:34_2018.avi
27,Rev. Erickson,Fri,Feb,9,08:58:16,2018,8,58,16,Rev. Erickson_Fri_Feb_9_08:58:16_2018.avi,/Volumes/Seagate/MY_COPY/Rev. Erickson/Rev. Erickson_Fri_Feb_9_08:58:16_2018.avi
28,Rev. Erickson,Fri,Feb,9,10:37:58,2018,10,37,58,Rev. Erickson_Fri_Feb_9_10:37:58_2018.avi,/Volumes/Seagate/MY_COPY/Rev. Erickson/Rev. Erickson_Fri_Feb_9_10:37:58_2018.avi
29,Rev. Erickson,Fri,Feb,9,10:52:06,2018,10,52,6,Rev. Erickson_Fri_Feb_9_10:52:06_2018.avi,/Volumes/Seagate/MY_COPY/Rev. Erickson/Rev. Erickson_Fri_Feb_9_10:52:06_2018.avi
30,Rev. Erickson,Fri,Feb,9,10:52:46,2018,10,52,46,Rev. Erickson_Fri_Feb_9_10:52:46_2018.avi,/Volumes/Seagate/MY_COPY/Rev. Erickson/Rev. Erickson_Fri_Feb_9_10:52:46_2018.avi
31,Rev. Erickson,Fri,Feb,9,10:53:20,2018,10,53,20,Rev. Erickson_Fri_Feb_9_10:53:20_2018.avi,/Volumes/Seagate/MY_COPY/Rev. Erickson/Rev. Erickson_Fri_Feb_9_10:53:20_2018.avi
32,Rev. Erickson,Fri,Feb,9,10:54:22,2018,10,54,22,Rev. Erickson_Fri_Feb_9_10:54:22_2018.avi,/Volumes/Seagate/MY_COPY/Rev. Erickson/Rev. Erickson_Fri_Feb_9_10:54:22_2018.avi
33,Rev. Erickson,Fri,Feb,9,10:55:04,2018,10,55,4,Rev. Erickson_Fri_Feb_9_10:55:04_2018.avi,/Volumes/Seagate/MY_COPY/Rev. Erickson/Rev. Erickson_Fri_Feb_9_10:55:04_2018.avi
34,Rev. Erickson,Fri,Feb,9,12:51:20,2018,12,51,20,Rev. Erickson_Fri_Feb_9_12:51:20_2018.avi,/Volumes/Seagate/MY_COPY/Rev. Erickson/Rev. Erickson_Fri_Feb_9_12:51:20_2018.avi
35,Rev. Erickson,Fri,Feb,9,12:51:52,2018,12,51,52,Rev. Erickson_Fri_Feb_9_12:51:52_2018.avi,/Volumes/Seagate/MY_COPY/Rev. Erickson/Rev. Erickson_Fri_Feb_9_12:51:52_2018.avi
36,Rev. Erickson,Fri,Feb,9,13:41:48,2018,13,41,48,Rev. Erickson_Fri_Feb_9_13:41:48_2018.avi,/Volumes/Seagate/MY_COPY/Rev. Erickson/Rev. Erickson_Fri_Feb_9_13:41:48_2018.avi
37,Rev. Erickson,Fri,Feb,9,13:42:22,2018,13,42,22,Rev. Erickson_Fri_Feb_9_13:42:22_2018.avi,/Volumes/Seagate/MY_COPY/Rev. Erickson/Rev. Erickson_Fri_Feb_9_13:42:22_2018.avi
38,Rev. Erickson,Fri,Mar,3,10:36:12,2017,10,36,12,Rev. Erickson_Fri_Mar_3_10:36:12_2017.avi,/Volumes/Seagate/MY_COPY/Rev. Erickson/Rev. Erickson_Fri_Mar_3_10:36:12_2017.avi
39,Rev. Erickson,Fri,Mar,3,10:50:20,2017,10,50,20,Rev. Erickson_Fri_Mar_3_10:50:20_2017.avi,/Volumes/Seagate/MY_COPY/Rev. Erickson/Rev. Erickson_Fri_Mar_3_10:50:20_2017.avi
40,Rev. Erickson,Fri,Mar,3,10:54:42,2017,10,54,42,Rev. Erickson_Fri_Mar_3_10:54:42_2017.avi,/Volumes/Seagate/MY_COPY/Rev. Erickson/Rev. Erickson_Fri_Mar_3_10:54:42_2017.avi
41,Rev. Erickson,Fri,Mar,3,10:55:12,2017,10,55,12,Rev. Erickson_Fri_Mar_3_10:55:12_2017.avi,/Volumes/Seagate/MY_COPY/Rev. Erickson/Rev. Erickson_Fri_Mar_3_10:55:12_2017.avi
42,Rev. Erickson,Fri,Mar,3,10:55:46,2017,10,55,46,Rev. Erickson_Fri_Mar_3_10:55:46_2017.avi,/Volumes/Seagate/MY_COPY/Rev. Erickson/Rev. Erickson_Fri_Mar_3_10:55:46_2017.avi
43,Rev. Erickson,Fri,Mar,3,10:56:16,2017,10,56,16,Rev. Erickson_Fri_Mar_3_10:56:16_2017.avi,/Volumes/Seagate/MY_COPY/Rev. Erickson/Rev. Erickson_Fri_Mar_3_10:56:16_2017.avi
44,Rev. Erickson,Fri,Mar,3,11:10:32,2017,11,10,32,Rev. Erickson_Fri_Mar_3_11:10:32_2017.avi,/Volumes/Seagate/MY_COPY/Rev. Erickson/Rev. Erickson_Fri_Mar_3_11:10:32_2017.avi
45,Rev. Erickson,Fri,Mar,3,11:11:28,2017,11,11,28,Rev. Erickson_Fri_Mar_3_11:11:28_2017.avi,/Volumes/Seagate/MY_COPY/Rev. Erickson/Rev. Erickson_Fri_Mar_3_11:11:28_2017.avi
46,Rev. Erickson,Fri,Mar,3,11:26:22,2017,11,26,22,Rev. Erickson_Fri_Mar_3_11:26:22_2017.avi,/Volumes/Seagate/MY_COPY/Rev. Erickson/Rev. Erickson_Fri_Mar_3_11:26:22_2017.avi
47,Rev. Erickson,Fri,Mar,3,11:56:16,2017,11,56,16,Rev. Erickson_Fri_Mar_3_11:56:16_2017.avi,/Volumes/Seagate/MY_COPY/Rev. Erickson/Rev. Erickson_Fri_Mar_3_11:56:16_2017.avi
48,Rev. Erickson,Fri,Mar,3,12:00:56,2017,12,0,56,Rev. Erickson_Fri_Mar_3_12:00:56_2017.avi,/Volumes/Seagate/MY_COPY/Rev. Erickson/Rev. Erickson_Fri_Mar_3_12:00:56_2017.avi
49,Rev. Erickson,Fri,Mar,3,12:08:42,2017,12,8,42,Rev. Erickson_Fri_Mar_3_12:08:42_2017.avi,/Volumes/Seagate/MY_COPY/Rev. Erickson/Rev. Erickson_Fri_Mar_3_12:08:42_2017.avi
50,Rev. Erickson,Fri,Mar,3,12:32:46,2017,12,32,46,Rev. Erickson_Fri_Mar_3_12:32:46_2017.avi,/Volumes/Seagate/MY_COPY/Rev. Erickson/Rev. Erickson_Fri_Mar_3_12:32:46_2017.avi
51,Rev. Erickson,Fri,Mar,3,12:35:36,2017,12,35,36,Rev. Erickson_Fri_Mar_3_12:35:36_2017.avi,/Volumes/Seagate/MY_COPY/Rev. Erickson/Rev. Erickson_Fri_Mar_3_12:35:36_2017.avi
52,Rev. Erickson,Fri,Mar,3,12:37:46,2017,12,37,46,Rev. Erickson_Fri_Mar_3_12:37:46_2017.avi,/Volumes/Seagate/MY_COPY/Rev. Erickson/Rev. Erickson_Fri_Mar_3_12:37:46_2017.avi
53,Rev. Erickson,Fri,Mar,3,12:41:24,2017,12,41,24,Rev. Erickson_Fri_Mar_3_12:41:24_2017.avi,/Volumes/Seagate/MY_COPY/Rev. Erickson/Rev. Erickson_Fri_Mar_3_12:41:24_2017.avi
54,Rev. Erickson,Fri,Mar,3,12:44:14,2017,12,44,14,Rev. Erickson_Fri_Mar_3_12:44:14_2017.avi,/Volumes/Seagate/MY_COPY/Rev. Erickson/Rev. Erickson_Fri_Mar_3_12:44:14_2017.avi
55,Rev. Erickson,Fri,Mar,3,12:46:14,2017,12,46,14,Rev. Erickson_Fri_Mar_3_12:46:14_2017.avi,/Volumes/Seagate/MY_COPY/Rev. Erickson/Rev. Erickson_Fri_Mar_3_12:46:14_2017.avi
56,Rev. Erickson,Fri,Mar,3,12:47:40,2017,12,47,40,Rev. Erickson_Fri_Mar_3_12:47:40_2017.avi,/Volumes/Seagate/MY_COPY/Rev. Erickson/Rev. Erickson_Fri_Mar_3_12:47:40_2017.avi
57,Rev. Erickson,Fri,Mar,3,12:56:32,2017,12,56,32,Rev. Erickson_Fri_Mar_3_12:56:32_2017.avi,/Volumes/Seagate/MY_COPY/Rev. Erickson/Rev. Erickson_Fri_Mar_3_12:56:32_2017.avi
58,Rev. Erickson,Fri,Mar,3,13:01:52,2017,13,1,52,Rev. Erickson_Fri_Mar_3_13:01:52_2017.avi,/Volumes/Seagate/MY_COPY/Rev. Erickson/Rev. Erickson_Fri_Mar_3_13:01:52_2017.avi
59,Rev. Erickson,Fri,Mar,3,13:03:58,2017,13,3,58,Rev. Erickson_Fri_Mar_3_13:03:58_2017.avi,/Volumes/Seagate/MY_COPY/Rev. Erickson/Rev. Erickson_Fri_Mar_3_13:03:58_2017.avi
60,Rev. Erickson,Sat,Feb,10,09:57:26,2018,9,57,26,Rev. Erickson_Sat_Feb_10_09:57:26_2018.avi,/Volumes/Seagate/MY_COPY/Rev. Erickson/Rev. Erickson_Sat_Feb_10_09:57:26_2018.avi
61,Rev. Erickson,Sat,Feb,10,11:59:14,2018,11,59,14,Rev. Erickson_Sat_Feb_10_11:59:14_2018.avi,/Volumes/Seagate/MY_COPY/Rev. Erickson/Rev. Erickson_Sat_Feb_10_11:59:14_2018.avi
62,Rev. Erickson,Sat,Feb,10,12:01:24,2018,12,1,24,Rev. Erickson_Sat_Feb_10_12:01:24_2018.avi,/Volumes/Seagate/MY_COPY/Rev. Erickson/Rev. Erickson_Sat_Feb_10_12:01:24_2018.avi
63,Rev. Erickson,Sat,Feb,10,12:02:00,2018,12,2,0,Rev. Erickson_Sat_Feb_10_12:02:00_2018.avi,/Volumes/Seagate/MY_COPY/Rev. Erickson/Rev. Erickson_Sat_Feb_10_12:02:00_2018.avi
64,Rev. Erickson,Sat,Feb,17,08:48:54,2018,8,48,54,Rev. Erickson_Sat_Feb_17_08:48:54_2018.avi,/Volumes/Seagate/MY_COPY/Rev. Erickson/Rev. Erickson_Sat_Feb_17_08:48:54_2018.avi
65,Rev. Erickson,Sat,Feb,17,12:16:04,2018,12,16,4,Rev. Erickson_Sat_Feb_17_12:16:04_2018.avi,/Volumes/Seagate/MY_COPY/Rev. Erickson/Rev. Erickson_Sat_Feb_17_12:16:04_2018.avi
66,Rev. Erickson,Sat,Feb,17,12:16:38,2018,12,16,38,Rev. Erickson_Sat_Feb_17_12:16:38_2018.avi,/Volumes/Seagate/MY_COPY/Rev. Erickson/Rev. Erickson_Sat_Feb_17_12:16:38_2018.avi
67,Rev. Erickson,Sat,Feb,17,12:28:34,2018,12,28,34,Rev. Erickson_Sat_Feb_17_12:28:34_2018.avi,/Volumes/Seagate/MY_COPY/Rev. Erickson/Rev. Erickson_Sat_Feb_17_12:28:34_2018.avi
68,Rev. Erickson,Sat,Feb,17,12:29:08,2018,12,29,8,Rev. Erickson_Sat_Feb_17_12:29:08_2018.avi,/Volumes/Seagate/MY_COPY/Rev. Erickson/Rev. Erickson_Sat_Feb_17_12:29:08_2018.avi
69,Rev. Erickson,Sat,Feb,17,12:29:42,2018,12,29,42,Rev. Erickson_Sat_Feb_17_12:29:42_2018.avi,/Volumes/Seagate/MY_COPY/Rev. Erickson/Rev. Erickson_Sat_Feb_17_12:29:42_2018.avi
70,Rev. Erickson,Sat,Feb,17,12:30:38,2018,12,30,38,Rev. Erickson_Sat_Feb_17_12:30:38_2018.avi,/Volumes/Seagate/MY_COPY/Rev. Erickson/Rev. Erickson_Sat_Feb_17_12:30:38_2018.avi
71,Rev. Erickson,Sat,Feb,17,13:38:26,2018,13,38,26,Rev. Erickson_Sat_Feb_17_13:38:26_2018.avi,/Volumes/Seagate/MY_COPY/Rev. Erickson/Rev. Erickson_Sat_Feb_17_13:38:26_2018.avi
72,Rev. Erickson,Sat,Feb,17,13:38:58,2018,13,38,58,Rev. Erickson_Sat_Feb_17_13:38:58_2018.avi,/Volumes/Seagate/MY_COPY/Rev. Erickson/Rev. Erickson_Sat_Feb_17_13:38:58_2018.avi
73,Rev. Erickson,Sat,Feb,17,13:53:26,2018,13,53,26,Rev. Erickson_Sat_Feb_17_13:53:26_2018.avi,/Volumes/Seagate/MY_COPY/Rev. Erickson/Rev. Erickson_Sat_Feb_17_13:53:26_2018.avi
74,Rev. Erickson,Thu,Feb,15,09:32:18,2018,9,32,18,Rev. Erickson_Thu_Feb_15_09:32:18_2018.avi,/Volumes/Seagate/MY_COPY/Rev. Erickson/Rev. Erickson_Thu_Feb_15_09:32:18_2018.avi
75,Rev. Erickson,Thu,Feb,15,09:34:40,2018,9,34,40,Rev. Erickson_Thu_Feb_15_09:34:40_2018.avi,/Volumes/Seagate/MY_COPY/Rev. Erickson/Rev. Erickson_Thu_Feb_15_09:34:40_2018.avi
76,Rev. Erickson,Thu,Feb,15,09:35:24,2018,9,35,24,Rev. Erickson_Thu_Feb_15_09:35:24_2018.avi,/Volumes/Seagate/MY_COPY/Rev. Erickson/Rev. Erickson_Thu_Feb_15_09:35:24_2018.avi
77,Rev. Erickson,Thu,Feb,15,09:35:56,2018,9,35,56,Rev. Erickson_Thu_Feb_15_09:35:56_2018.avi,/Volumes/Seagate/MY_COPY/Rev. Erickson/Rev. Erickson_Thu_Feb_15_09:35:56_2018.avi
78,Rev. Erickson,Thu,Feb,15,09:36:52,2018,9,36,52,Rev. Erickson_Thu_Feb_15_09:36:52_2018.avi,/Volumes/Seagate/MY_COPY/Rev. Erickson/Rev. Erickson_Thu_Feb_15_09:36:52_2018.avi
79,Rev. Erickson,Thu,Feb,15,09:37:56,2018,9,37,56,Rev. Erickson_Thu_Feb_15_09:37:56_2018.avi,/Volumes/Seagate/MY_COPY/Rev. Erickson/Rev. Erickson_Thu_Feb_15_09:37:56_2018.avi
80,Rev. Erickson,Thu,Feb,15,09:40:02,2018,9,40,2,Rev. Erickson_Thu_Feb_15_09:40:02_2018.avi,/Volumes/Seagate/MY_COPY/Rev. Erickson/Rev. Erickson_Thu_Feb_15_09:40:02_2018.avi
81,Rev. Erickson,Thu,Feb,15,09:40:46,2018,9,40,46,Rev. Erickson_Thu_Feb_15_09:40:46_2018.avi,/Volumes/Seagate/MY_COPY/Rev. Erickson/Rev. Erickson_Thu_Feb_15_09:40:46_2018.avi
82,Rev. Erickson,Thu,Feb,15,09:41:22,2018,9,41,22,Rev. Erickson_Thu_Feb_15_09:41:22_2018.avi,/Volumes/Seagate/MY_COPY/Rev. Erickson/Rev. Erickson_Thu_Feb_15_09:41:22_2018.avi
83,Rev. Erickson,Thu,Feb,15,09:42:00,2018,9,42,0,Rev. Erickson_Thu_Feb_15_09:42:00_2018.avi,/Volumes/Seagate/MY_COPY/Rev. Erickson/Rev. Erickson_Thu_Feb_15_09:42:00_2018.avi
84,Rev. Erickson,Thu,Feb,15,12:30:18,2018,12,30,18,Rev. Erickson_Thu_Feb_15_12:30:18_2018.avi,/Volumes/Seagate/MY_COPY/Rev. Erickson/Rev. Erickson_Thu_Feb_15_12:30:18_2018.avi
85,Rev. Erickson,Thu,Feb,15,12:30:54,2018,12,30,54,Rev. Erickson_Thu_Feb_15_12:30:54_2018.avi,/Volumes/Seagate/MY_COPY/Rev. Erickson/Rev. Erickson_Thu_Feb_15_12:30:54_2018.avi
86,Rev. Erickson,Thu,Feb,15,12:31:24,2018,12,31,24,Rev. Erickson_Thu_Feb_15_12:31:24_2018.avi,/Volumes/Seagate/MY_COPY/Rev. Erickson/Rev. Erickson_Thu_Feb_15_12:31:24_2018.avi
87,Rev. Erickson,Thu,Feb,22,10:09:52,2018,10,9,52,Rev. Erickson_Thu_Feb_22_10:09:52_2018.avi,/Volumes/Seagate/MY_COPY/Rev. Erickson/Rev. Erickson_Thu_Feb_22_10:09:52_2018.avi
88,Rev. Erickson,Thu,Feb,22,11:38:32,2018,11,38,32,Rev. Erickson_Thu_Feb_22_11:38:32_2018.avi,/Volumes/Seagate/MY_COPY/Rev. Erickson/Rev. Erickson_Thu_Feb_22_11:38:32_2018.avi
89,Rev. Erickson,Thu,Feb,22,11:39:04,2018,11,39,4,Rev. Erickson_Thu_Feb_22_11:39:04_2018.avi,/Volumes/Seagate/MY_COPY/Rev. Erickson/Rev. Erickson_Thu_Feb_22_11:39:04_2018.avi
90,Rev. Erickson,Thu,Feb,22,11:48:20,2018,11,48,20,Rev. Erickson_Thu_Feb_22_11:48:20_2018.avi,/Volumes/Seagate/MY_COPY/Rev. Erickson/Rev. Erickson_Thu_Feb_22_11:48:20_2018.avi
91,Rev. Erickson,Thu,Feb,22,11:48:54,2018,11,48,54,Rev. Erickson_Thu_Feb_22_11:48:54_2018.avi,/Volumes/Seagate/MY_COPY/Rev. Erickson/Rev. Erickson_Thu_Feb_22_11:48:54_2018.avi
92,Rev. Erickson,Thu,Feb,22,11:54:02,2018,11,54,2,Rev. Erickson_Thu_Feb_22_11:54:02_2018.avi,/Volumes/Seagate/MY_COPY/Rev. Erickson/Rev. Erickson_Thu_Feb_22_11:54:02_2018.avi
93,Rev. Erickson,Thu,Feb,22,11:54:38,2018,11,54,38,Rev. Erickson_Thu_Feb_22_11:54:38_2018.avi,/Volumes/Seagate/MY_COPY/Rev. Erickson/Rev. Erickson_Thu_Feb_22_11:54:38_2018.avi
94,Rev. Erickson,Thu,Feb,22,11:55:10,2018,11,55,10,Rev. Erickson_Thu_Feb_22_11:55:10_2018.avi,/Volumes/Seagate/MY_COPY/Rev. Erickson/Rev. Erickson_Thu_Feb_22_11:55:10_2018.avi
95,Rev. Erickson,Thu,Feb,22,11:55:42,2018,11,55,42,Rev. Erickson_Thu_Feb_22_11:55:42_2018.avi,/Volumes/Seagate/MY_COPY/Rev. Erickson/Rev. Erickson_Thu_Feb_22_11:55:42_2018.avi
96,Rev. Erickson,Thu,Feb,22,11:56:50,2018,11,56,50,Rev. Erickson_Thu_Feb_22_11:56:50_2018.avi,/Volumes/Seagate/MY_COPY/Rev. Erickson/Rev. Erickson_Thu_Feb_22_11:56:50_2018.avi
97,Rev. Erickson,Thu,Feb,22,13:37:20,2018,13,37,20,Rev. Erickson_Thu_Feb_22_13:37:20_2018.avi,/Volumes/Seagate/MY_COPY/Rev. Erickson/Rev. Erickson_Thu_Feb_22_13:37:20_2018.avi
98,Rev. Erickson,Thu,Feb,22,13:37:50,2018,13,37,50,Rev. Erickson_Thu_Feb_22_13:37:50_2018.avi,/Volumes/Seagate/MY_COPY/Rev. Erickson/Rev. Erickson_Thu_Feb_22_13:37:50_2018.avi
99,Rev. Erickson,Thu,Feb,22,13:38:34,2018,13,38,34,Rev. Erickson_Thu_Feb_22_13:38:34_2018.avi,/Volumes/Seagate/MY_COPY/Rev. Erickson/Rev. Erickson_Thu_Feb_22_13:38:34_2018.avi
100,Rev. Erickson,Thu,Feb,22,13:39:06,2018,13,39,6,Rev. Erickson_Thu_Feb_22_13:39:06_2018.avi,/Volumes/Seagate/MY_COPY/Rev. Erickson/Rev. Erickson_Thu_Feb_22_13:39:06_2018.avi
101,Rev. Erickson,Thu,Feb,22,13:40:12,2018,13,40,12,Rev. Erickson_Thu_Feb_22_13:40:12_2018.avi,/Volumes/Seagate/MY_COPY/Rev. Erickson/Rev. Erickson_Thu_Feb_22_13:40:12_2018.avi
102,Rev. Erickson,Thu,Feb,22,13:41:24,2018,13,41,24,Rev. Erickson_Thu_Feb_22_13:41:24_2018.avi,/Volumes/Seagate/MY_COPY/Rev. Erickson/Rev. Erickson_Thu_Feb_22_13:41:24_2018.avi
103,Rev. Erickson,Thu,Feb,8,12:55:24,2018,12,55,24,Rev. Erickson_Thu_Feb_8_12:55:24_2018.avi,/Volumes/Seagate/MY_COPY/Rev. Erickson/Rev. Erickson_Thu_Feb_8_12:55:24_2018.avi
104,Rev. Erickson,Thu,Feb,8,13:01:12,2018,13,1,12,Rev. Erickson_Thu_Feb_8_13:01:12_2018.avi,/Volumes/Seagate/MY_COPY/Rev. Erickson/Rev. Erickson_Thu_Feb_8_13:01:12_2018.avi
105,Rev. Erickson,Thu,Feb,8,13:01:46,2018,13,1,46,Rev. Erickson_Thu_Feb_8_13:01:46_2018.avi,/Volumes/Seagate/MY_COPY/Rev. Erickson/Rev. Erickson_Thu_Feb_8_13:01:46_2018.avi
106,Rev. Erickson,Thu,Feb,8,13:02:20,2018,13,2,20,Rev. Erickson_Thu_Feb_8_13:02:20_2018.avi,/Volumes/Seagate/MY_COPY/Rev. Erickson/Rev. Erickson_Thu_Feb_8_13:02:20_2018.avi
107,Rev. Erickson,Thu,Feb,8,13:02:56,2018,13,2,56,Rev. Erickson_Thu_Feb_8_13:02:56_2018.avi,/Volumes/Seagate/MY_COPY/Rev. Erickson/Rev. Erickson_Thu_Feb_8_13:02:56_2018.avi
108,Rev. Erickson,Thu,Feb,8,13:03:30,2018,13,3,30,Rev. Erickson_Thu_Feb_8_13:03:30_2018.avi,/Volumes/Seagate/MY_COPY/Rev. Erickson/Rev. Erickson_Thu_Feb_8_13:03:30_2018.avi
109,Rev. Erickson,Thu,Feb,8,13:05:24,2018,13,5,24,Rev. Erickson_Thu_Feb_8_13:05:24_2018.avi,/Volumes/Seagate/MY_COPY/Rev. Erickson/Rev. Erickson_Thu_Feb_8_13:05:24_2018.avi
110,Rev. Erickson,Thu,Feb,8,13:07:20,2018,13,7,20,Rev. Erickson_Thu_Feb_8_13:07:20_2018.avi,/Volumes/Seagate/MY_COPY/Rev. Erickson/Rev. Erickson_Thu_Feb_8_13:07:20_2018.avi
111,Rev. Erickson,Thu,Feb,8,13:42:22,2018,13,42,22,Rev. Erickson_Thu_Feb_8_13:42:22_2018.avi,/Volumes/Seagate/MY_COPY/Rev. Erickson/Rev. Erickson_Thu_Feb_8_13:42:22_2018.avi
112,Rev. Erickson,Thu,Feb,8,13:43:18,2018,13,43,18,Rev. Erickson_Thu_Feb_8_13:43:18_2018.avi,/Volumes/Seagate/MY_COPY/Rev. Erickson/Rev. Erickson_Thu_Feb_8_13:43:18_2018.avi
113,Rev. Erickson,Thu,Feb,8,13:46:52,2018,13,46,52,Rev. Erickson_Thu_Feb_8_13:46:52_2018.avi,/Volumes/Seagate/MY_COPY/Rev. Erickson/Rev. Erickson_Thu_Feb_8_13:46:52_2018.avi
114,Rev. Erickson,Thu,Feb,8,13:47:34,2018,13,47,34,Rev. Erickson_Thu_Feb_8_13:47:34_2018.avi,/Volumes/Seagate/MY_COPY/Rev. Erickson/Rev. Erickson_Thu_Feb_8_13:47:34_2018.avi
115,Rev. Erickson,Thu,Feb,8,13:48:06,2018,13,48,6,Rev. Erickson_Thu_Feb_8_13:48:06_2018.avi,/Volumes/Seagate/MY_COPY/Rev. Erickson/Rev. Erickson_Thu_Feb_8_13:48:06_2018.avi
116,Rev. Erickson,Thu,Feb,8,13:48:42,2018,13,48,42,Rev. Erickson_Thu_Feb_8_13:48:42_2018.avi,/Volumes/Seagate/MY_COPY/Rev. Erickson/Rev. Erickson_Thu_Feb_8_13:48:42_2018.avi
117,Rev. Erickson,Thu,Mar,1,11:00:38,2018,11,0,38,Rev. Erickson_Thu_Mar_1_11:00:38_2018.avi,/Volumes/Seagate/MY_COPY/Rev. Erickson/Rev. Erickson_Thu_Mar_1_11:00:38_2018.avi
118,Rev. Erickson,Thu,Mar,1,11:03:32,2018,11,3,32,Rev. Erickson_Thu_Mar_1_11:03:32_2018.avi,/Volumes/Seagate/MY_COPY/Rev. Erickson/Rev. Erickson_Thu_Mar_1_11:03:32_2018.avi
119,Rev. Erickson,Thu,Mar,1,11:14:04,2018,11,14,4,Rev. Erickson_Thu_Mar_1_11:14:04_2018.avi,/Volumes/Seagate/MY_COPY/Rev. Erickson/Rev. Erickson_Thu_Mar_1_11:14:04_2018.avi
120,Rev. Erickson,Thu,Mar,1,11:15:30,2018,11,15,30,Rev. Erickson_Thu_Mar_1_11:15:30_2018.avi,/Volumes/Seagate/MY_COPY/Rev. Erickson/Rev. Erickson_Thu_Mar_1_11:15:30_2018.avi
121,Rev. Erickson,Thu,Mar,1,11:16:36,2018,11,16,36,Rev. Erickson_Thu_Mar_1_11:16:36_2018.avi,/Volumes/Seagate/MY_COPY/Rev. Erickson/Rev. Erickson_Thu_Mar_1_11:16:36_2018.avi
122,Rev. Erickson,Thu,Mar,2,11:24:48,2017,11,24,48,Rev. Erickson_Thu_Mar_2_11:24:48_2017.avi,/Volumes/Seagate/MY_COPY/Rev. Erickson/Rev. Erickson_Thu_Mar_2_11:24:48_2017.avi
123,Rev. Erickson,Thu,Mar,2,11:25:18,2017,11,25,18,Rev. Erickson_Thu_Mar_2_11:25:18_2017.avi,/Volumes/Seagate/MY_COPY/Rev. Erickson/Rev. Erickson_Thu_Mar_2_11:25:18_2017.avi
124,Rev. Erickson,Thu,Mar,2,11:26:34,2017,11,26,34,Rev. Erickson_Thu_Mar_2_11:26:34_2017.avi,/Volumes/Seagate/MY_COPY/Rev. Erickson/Rev. Erickson_Thu_Mar_2_11:26:34_2017.avi
125,Rev. Erickson,Thu,Mar,2,12:57:52,2017,12,57,52,Rev. Erickson_Thu_Mar_2_12:57:52_2017.avi,/Volumes/Seagate/MY_COPY/Rev. Erickson/Rev. Erickson_Thu_Mar_2_12:57:52_2017.avi
126,Rev. Erickson,Thu,Mar,2,13:32:06,2017,13,32,6,Rev. Erickson_Thu_Mar_2_13:32:06_2017.avi,/Volumes/Seagate/MY_COPY/Rev. Erickson/Rev. Erickson_Thu_Mar_2_13:32:06_2017.avi
127,Rev. Erickson,Thu,Mar,2,13:45:36,2017,13,45,36,Rev. Erickson_Thu_Mar_2_13:45:36_2017.avi,/Volumes/Seagate/MY_COPY/Rev. Erickson/Rev. Erickson_Thu_Mar_2_13:45:36_2017.avi
128,Rev. Erickson,Thu,Mar,2,13:46:08,2017,13,46,8,Rev. Erickson_Thu_Mar_2_13:46:08_2017.avi,/Volumes/Seagate/MY_COPY/Rev. Erickson/Rev. Erickson_Thu_Mar_2_13:46:08_2017.avi
129,Rev. Erickson,Thu,Mar,2,13:47:44,2017,13,47,44,Rev. Erickson_Thu_Mar_2_13:47:44_2017.avi,/Volumes/Seagate/MY_COPY/Rev. Erickson/Rev. Erickson_Thu_Mar_2_13:47:44_2017.avi
130,Rev. Erickson,Thu,Mar,2,13:49:10,2017,13,49,10,Rev. Erickson_Thu_Mar_2_13:49:10_2017.avi,/Volumes/Seagate/MY_COPY/Rev. Erickson/Rev. Erickson_Thu_Mar_2_13:49:10_2017.avi
131,Rev. Erickson,Thu,Mar,2,13:49:40,2017,13,49,40,Rev. Erickson_Thu_Mar_2_13:49:40_2017.avi,/Volumes/Seagate/MY_COPY/Rev. Erickson/Rev. Erickson_Thu_Mar_2_13:49:40_2017.avi
132,Rev. Erickson,Thu,Mar,2,13:50:12,2017,13,50,12,Rev. Erickson_Thu_Mar_2_13:50:12_2017.avi,/Volumes/Seagate/MY_COPY/Rev. Erickson/Rev. Erickson_Thu_Mar_2_13:50:12_2017.avi
133,Rev. Erickson,Thu,Mar,2,13:57:08,2017,13,57,8,Rev. Erickson_Thu_Mar_2_13:57:08_2017.avi,/Volumes/Seagate/MY_COPY/Rev. Erickson/Rev. Erickson_Thu_Mar_2_13:57:08_2017.avi
134,Rev. Erickson,Thu,Mar,2,13:57:42,2017,13,57,42,Rev. Erickson_Thu_Mar_2_13:57:42_2017.avi,/Volumes/Seagate/MY_COPY/Rev. Erickson/Rev. Erickson_Thu_Mar_2_13:57:42_2017.avi
135,Rev. Erickson,Thu,Mar,2,13:58:12,2017,13,58,12,Rev. Erickson_Thu_Mar_2_13:58:12_2017.avi,/Volumes/Seagate/MY_COPY/Rev. Erickson/Rev. Erickson_Thu_Mar_2_13:58:12_2017.avi
136,Rev. Erickson,Thu,Mar,2,13:58:44,2017,13,58,44,Rev. Erickson_Thu_Mar_2_13:58:44_2017.avi,/Volumes/Seagate/MY_COPY/Rev. Erickson/Rev. Erickson_Thu_Mar_2_13:58:44_2017.avi
137,Rev. Erickson,Thu,Mar,2,13:59:18,2017,13,59,18,Rev. Erickson_Thu_Mar_2_13:59:18_2017.avi,/Volumes/Seagate/MY_COPY/Rev. Erickson/Rev. Erickson_Thu_Mar_2_13:59:18_2017.avi
138,Rev. Erickson,Thu,Mar,2,13:59:58,2017,13,59,58,Rev. Erickson_Thu_Mar_2_13:59:58_2017.avi,/Volumes/Seagate/MY_COPY/Rev. Erickson/Rev. Erickson_Thu_Mar_2_13:59:58_2017.avi
139,Rev. Erickson,Thu,Mar,2,14:00:30,2017,14,0,30,Rev. Erickson_Thu_Mar_2_14:00:30_2017.avi,/Volumes/Seagate/MY_COPY/Rev. Erickson/Rev. Erickson_Thu_Mar_2_14:00:30_2017.avi
140,Rev. Erickson,Thu,Mar,2,14:01:04,2017,14,1,4,Rev. Erickson_Thu_Mar_2_14:01:04_2017.avi,/Volumes/Seagate/MY_COPY/Rev. Erickson/Rev. Erickson_Thu_Mar_2_14:01:04_2017.avi
141,Rev. Erickson,Thu,Mar,2,14:01:36,2017,14,1,36,Rev. Erickson_Thu_Mar_2_14:01:36_2017.avi,/Volumes/Seagate/MY_COPY/Rev. Erickson/Rev. Erickson_Thu_Mar_2_14:01:36_2017.avi
142,Rev. Erickson,Thu,Mar,2,14:02:08,2017,14,2,8,Rev. Erickson_Thu_Mar_2_14:02:08_2017.avi,/Volumes/Seagate/MY_COPY/Rev. Erickson/Rev. Erickson_Thu_Mar_2_14:02:08_2017.avi
143,Rev. Erickson,Thu,Mar,2,14:02:40,2017,14,2,40,Rev. Erickson_Thu_Mar_2_14:02:40_2017.avi,/Volumes/Seagate/MY_COPY/Rev. Erickson/Rev. Erickson_Thu_Mar_2_14:02:40_2017.avi
144,Rev. Erickson,Thu,Mar,9,08:30:04,2017,8,30,4,Rev. Erickson_Thu_Mar_9_08:30:04_2017.avi,/Volumes/Seagate/MY_COPY/Rev. Erickson/Rev. Erickson_Thu_Mar_9_08:30:04_2017.avi
145,Rev. Erickson,Thu,Mar,9,10:21:58,2017,10,21,58,Rev. Erickson_Thu_Mar_9_10:21:58_2017.avi,/Volumes/Seagate/MY_COPY/Rev. Erickson/Rev. Erickson_Thu_Mar_9_10:21:58_2017.avi
146,Rev. Erickson,Thu,Mar,9,10:44:42,2017,10,44,42,Rev. Erickson_Thu_Mar_9_10:44:42_2017.avi,/Volumes/Seagate/MY_COPY/Rev. Erickson/Rev. Erickson_Thu_Mar_9_10:44:42_2017.avi
147,Rev. Erickson,Thu,Mar,9,10:49:54,2017,10,49,54,Rev. Erickson_Thu_Mar_9_10:49:54_2017.avi,/Volumes/Seagate/MY_COPY/Rev. Erickson/Rev. Erickson_Thu_Mar_9_10:49:54_2017.avi
148,Rev. Erickson,Thu,Mar,9,12:30:52,2017,12,30,52,Rev. Erickson_Thu_Mar_9_12:30:52_2017.avi,/Volumes/Seagate/MY_COPY/Rev. Erickson/Rev. Erickson_Thu_Mar_9_12:30:52_2017.avi
149,Rev. Erickson,Thu,Mar,9,12:48:56,2017,12,48,56,Rev. Erickson_Thu_Mar_9_12:48:56_2017.avi,/Volumes/Seagate/MY_COPY/Rev. Erickson/Rev. Erickson_Thu_Mar_9_12:48:56_2017.avi
150,Rev. Erickson,Thu,Mar,9,13:01:54,2017,13,1,54,Rev. Erickson_Thu_Mar_9_13:01:54_2017.avi,/Volumes/Seagate/MY_COPY/Rev. Erickson/Rev. Erickson_Thu_Mar_9_13:01:54_2017.avi
151,Rev. Erickson,Thu,Mar,9,13:30:24,2017,13,30,24,Rev. Erickson_Thu_Mar_9_13:30:24_2017.avi,/Volumes/Seagate/MY_COPY/Rev. Erickson/Rev. Erickson_Thu_Mar_9_13:30:24_2017.avi
152,Rev. Erickson,Thu,Mar,9,13:48:36,2017,13,48,36,Rev. Erickson_Thu_Mar_9_13:48:36_2017.avi,/Volumes/Seagate/MY_COPY/Rev. Erickson/Rev. Erickson_Thu_Mar_9_13:48:36_2017.avi
153,Rev. Erickson,Tue,Feb,20,11:32:42,2018,11,32,42,Rev. Erickson_Tue_Feb_20_11:32:42_2018.avi,/Volumes/Seagate/MY_COPY/Rev. Erickson/Rev. Erickson_Tue_Feb_20_11:32:42_2018.avi
154,Rev. Erickson,Tue,Feb,20,11:33:12,2018,11,33,12,Rev. Erickson_Tue_Feb_20_11:33:12_2018.avi,/Volumes/Seagate/MY_COPY/Rev. Erickson/Rev. Erickson_Tue_Feb_20_11:33:12_2018.avi
155,Rev. Erickson,Tue,Feb,20,11:33:54,2018,11,33,54,Rev. Erickson_Tue_Feb_20_11:33:54_2018.avi,/Volumes/Seagate/MY_COPY/Rev. Erickson/Rev. Erickson_Tue_Feb_20_11:33:54_2018.avi
156,Rev. Erickson,Tue,Feb,20,12:38:00,2018,12,38,0,Rev. Erickson_Tue_Feb_20_12:38:00_2018.avi,/Volumes/Seagate/MY_COPY/Rev. Erickson/Rev. Erickson_Tue_Feb_20_12:38:00_2018.avi
157,Rev. Erickson,Tue,Feb,20,12:44:06,2018,12,44,6,Rev. Erickson_Tue_Feb_20_12:44:06_2018.avi,/Volumes/Seagate/MY_COPY/Rev. Erickson/Rev. Erickson_Tue_Feb_20_12:44:06_2018.avi
158,Rev. Erickson,Tue,Feb,20,12:47:42,2018,12,47,42,Rev. Erickson_Tue_Feb_20_12:47:42_2018.avi,/Volumes/Seagate/MY_COPY/Rev. Erickson/Rev. Erickson_Tue_Feb_20_12:47:42_2018.avi
159,Rev. Erickson,Tue,Feb,20,12:48:14,2018,12,48,14,Rev. Erickson_Tue_Feb_20_12:48:14_2018.avi,/Volumes/Seagate/MY_COPY/Rev. Erickson/Rev. Erickson_Tue_Feb_20_12:48:14_2018.avi
160,Rev. Erickson,Tue,Feb,20,12:50:12,2018,12,50,12,Rev. Erickson_Tue_Feb_20_12:50:12_2018.avi,/Volumes/Seagate/MY_COPY/Rev. Erickson/Rev. Erickson_Tue_Feb_20_12:50:12_2018.avi
161,Rev. Erickson,Tue,Feb,20,12:50:48,2018,12,50,48,Rev. Erickson_Tue_Feb_20_12:50:48_2018.avi,/Volumes/Seagate/MY_COPY/Rev. Erickson/Rev. Erickson_Tue_Feb_20_12:50:48_2018.avi
162,Rev. Erickson,Tue,Feb,20,13:04:12,2018,13,4,12,Rev. Erickson_Tue_Feb_20_13:04:12_2018.avi,/Volumes/Seagate/MY_COPY/Rev. Erickson/Rev. Erickson_Tue_Feb_20_13:04:12_2018.avi
163,Rev. Erickson,Tue,Feb,20,13:04:54,2018,13,4,54,Rev. Erickson_Tue_Feb_20_13:04:54_2018.avi,/Volumes/Seagate/MY_COPY/Rev. Erickson/Rev. Erickson_Tue_Feb_20_13:04:54_2018.avi
164,Rev. Erickson,Tue,Feb,20,13:05:28,2018,13,5,28,Rev. Erickson_Tue_Feb_20_13:05:28_2018.avi,/Volumes/Seagate/MY_COPY/Rev. Erickson/Rev. Erickson_Tue_Feb_20_13:05:28_2018.avi
165,Rev. Erickson,Tue,Feb,20,13:05:58,2018,13,5,58,Rev. Erickson_Tue_Feb_20_13:05:58_2018.avi,/Volumes/Seagate/MY_COPY/Rev. Erickson/Rev. Erickson_Tue_Feb_20_13:05:58_2018.avi
166,Rev. Erickson,Tue,Feb,20,13:06:30,2018,13,6,30,Rev. Erickson_Tue_Feb_20_13:06:30_2018.avi,/Volumes/Seagate/MY_COPY/Rev. Erickson/Rev. Erickson_Tue_Feb_20_13:06:30_2018.avi
167,Rev. Erickson,Tue,Feb,20,13:10:48,2018,13,10,48,Rev. Erickson_Tue_Feb_20_13:10:48_2018.avi,/Volumes/Seagate/MY_COPY/Rev. Erickson/Rev. Erickson_Tue_Feb_20_13:10:48_2018.avi
168,Rev. Erickson,Tue,Feb,27,10:19:22,2018,10,19,22,Rev. Erickson_Tue_Feb_27_10:19:22_2018.avi,/Volumes/Seagate/MY_COPY/Rev. Erickson/Rev. Erickson_Tue_Feb_27_10:19:22_2018.avi
169,Rev. Erickson,Tue,Feb,27,10:19:54,2018,10,19,54,Rev. Erickson_Tue_Feb_27_10:19:54_2018.avi,/Volumes/Seagate/MY_COPY/Rev. Erickson/Rev. Erickson_Tue_Feb_27_10:19:54_2018.avi
170,Rev. Erickson,Tue,Feb,27,10:22:06,2018,10,22,6,Rev. Erickson_Tue_Feb_27_10:22:06_2018.avi,/Volumes/Seagate/MY_COPY/Rev. Erickson/Rev. Erickson_Tue_Feb_27_10:22:06_2018.avi
171,Rev. Erickson,Tue,Feb,27,10:52:22,2018,10,52,22,Rev. Erickson_Tue_Feb_27_10:52:22_2018.avi,/Volumes/Seagate/MY_COPY/Rev. Erickson/Rev. Erickson_Tue_Feb_27_10:52:22_2018.avi
172,Rev. Erickson,Tue,Feb,27,11:00:30,2018,11,0,30,Rev. Erickson_Tue_Feb_27_11:00:30_2018.avi,/Volumes/Seagate/MY_COPY/Rev. Erickson/Rev. Erickson_Tue_Feb_27_11:00:30_2018.avi
173,Rev. Erickson,Tue,Feb,27,11:01:04,2018,11,1,4,Rev. Erickson_Tue_Feb_27_11:01:04_2018.avi,/Volumes/Seagate/MY_COPY/Rev. Erickson/Rev. Erickson_Tue_Feb_27_11:01:04_2018.avi
174,Rev. Erickson,Tue,Feb,27,11:08:20,2018,11,8,20,Rev. Erickson_Tue_Feb_27_11:08:20_2018.avi,/Volumes/Seagate/MY_COPY/Rev. Erickson/Rev. Erickson_Tue_Feb_27_11:08:20_2018.avi
175,Rev. Erickson,Tue,Feb,27,12:57:36,2018,12,57,36,Rev. Erickson_Tue_Feb_27_12:57:36_2018.avi,/Volumes/Seagate/MY_COPY/Rev. Erickson/Rev. Erickson_Tue_Feb_27_12:57:36_2018.avi
176,Rev. Erickson,Tue,Feb,27,14:12:10,2018,14,12,10,Rev. Erickson_Tue_Feb_27_14:12:10_2018.avi,/Volumes/Seagate/MY_COPY/Rev. Erickson/Rev. Erickson_Tue_Feb_27_14:12:10_2018.avi
177,Rev. Erickson,Wed,Feb,21,10:40:10,2018,10,40,10,Rev. Erickson_Wed_Feb_21_10:40:10_2018.avi,/Volumes/Seagate/MY_COPY/Rev. Erickson/Rev. Erickson_Wed_Feb_21_10:40:10_2018.avi
178,Rev. Erickson,Wed,Feb,21,13:01:58,2018,13,1,58,Rev. Erickson_Wed_Feb_21_13:01:58_2018.avi,/Volumes/Seagate/MY_COPY/Rev. Erickson/Rev. Erickson_Wed_Feb_21_13:01:58_2018.avi
179,Rev. Erickson,Wed,Feb,21,13:02:32,2018,13,2,32,Rev. Erickson_Wed_Feb_21_13:02:32_2018.avi,/Volumes/Seagate/MY_COPY/Rev. Erickson/Rev. Erickson_Wed_Feb_21_13:02:32_2018.avi
180,Rev. Erickson,Wed,Feb,21,13:03:52,2018,13,3,52,Rev. Erickson_Wed_Feb_21_13:03:52_2018.avi,/Volumes/Seagate/MY_COPY/Rev. Erickson/Rev. Erickson_Wed_Feb_21_13:03:52_2018.avi
181,Rev. Erickson,Wed,Feb,21,13:04:26,2018,13,4,26,Rev. Erickson_Wed_Feb_21_13:04:26_2018.avi,/Volumes/Seagate/MY_COPY/Rev. Erickson/Rev. Erickson_Wed_Feb_21_13:04:26_2018.avi
182,Rev. Erickson,Wed,Feb,21,13:04:58,2018,13,4,58,Rev. Erickson_Wed_Feb_21_13:04:58_2018.avi,/Volumes/Seagate/MY_COPY/Rev. Erickson/Rev. Erickson_Wed_Feb_21_13:04:58_2018.avi
183,Rev. Erickson,Wed,Feb,21,13:05:30,2018,13,5,30,Rev. Erickson_Wed_Feb_21_13:05:30_2018.avi,/Volumes/Seagate/MY_COPY/Rev. Erickson/Rev. Erickson_Wed_Feb_21_13:05:30_2018.avi
184,Rev. Erickson,Wed,Feb,21,13:06:56,2018,13,6,56,Rev. Erickson_Wed_Feb_21_13:06:56_2018.avi,/Volumes/Seagate/MY_COPY/Rev. Erickson/Rev. Erickson_Wed_Feb_21_13:06:56_2018.avi
185,Rev. Erickson,Wed,Feb,21,13:50:42,2018,13,50,42,Rev. Erickson_Wed_Feb_21_13:50:42_2018.avi,/Volumes/Seagate/MY_COPY/Rev. Erickson/Rev. Erickson_Wed_Feb_21_13:50:42_2018.avi
186,Rev. Erickson,Wed,Feb,21,13:52:26,2018,13,52,26,Rev. Erickson_Wed_Feb_21_13:52:26_2018.avi,/Volumes/Seagate/MY_COPY/Rev. Erickson/Rev. Erickson_Wed_Feb_21_13:52:26_2018.avi
187,Rev. Erickson,Wed,Feb,28,10:01:52,2018,10,1,52,Rev. Erickson_Wed_Feb_28_10:01:52_2018.avi,/Volumes/Seagate/MY_COPY/Rev. Erickson/Rev. Erickson_Wed_Feb_28_10:01:52_2018.avi
188,Rev. Erickson,Wed,Feb,28,10:02:30,2018,10,2,30,Rev. Erickson_Wed_Feb_28_10:02:30_2018.avi,/Volumes/Seagate/MY_COPY/Rev. Erickson/Rev. Erickson_Wed_Feb_28_10:02:30_2018.avi
189,Rev. Erickson,Wed,Feb,28,10:35:10,2018,10,35,10,Rev. Erickson_Wed_Feb_28_10:35:10_2018.avi,/Volumes/Seagate/MY_COPY/Rev. Erickson/Rev. Erickson_Wed_Feb_28_10:35:10_2018.avi
190,Rev. Erickson,Wed,Feb,28,10:42:46,2018,10,42,46,Rev. Erickson_Wed_Feb_28_10:42:46_2018.avi,/Volumes/Seagate/MY_COPY/Rev. Erickson/Rev. Erickson_Wed_Feb_28_10:42:46_2018.avi
191,Rev. Erickson,Wed,Feb,28,10:46:26,2018,10,46,26,Rev. Erickson_Wed_Feb_28_10:46:26_2018.avi,/Volumes/Seagate/MY_COPY/Rev. Erickson/Rev. Erickson_Wed_Feb_28_10:46:26_2018.avi
192,Rev. Erickson,Wed,Feb,28,11:05:54,2018,11,5,54,Rev. Erickson_Wed_Feb_28_11:05:54_2018.avi,/Volumes/Seagate/MY_COPY/Rev. Erickson/Rev. Erickson_Wed_Feb_28_11:05:54_2018.avi
193,Rev. Erickson,Wed,Feb,28,11:06:24,2018,11,6,24,Rev. Erickson_Wed_Feb_28_11:06:24_2018.avi,/Volumes/Seagate/MY_COPY/Rev. Erickson/Rev. Erickson_Wed_Feb_28_11:06:24_2018.avi
194,Rev. Erickson,Wed,Feb,28,11:08:56,2018,11,8,56,Rev. Erickson_Wed_Feb_28_11:08:56_2018.avi,/Volumes/Seagate/MY_COPY/Rev. Erickson/Rev. Erickson_Wed_Feb_28_11:08:56_2018.avi
195,Rev. Erickson,Wed,Feb,28,11:09:46,2018,11,9,46,Rev. Erickson_Wed_Feb_28_11:09:46_2018.avi,/Volumes/Seagate/MY_COPY/Rev. Erickson/Rev. Erickson_Wed_Feb_28_11:09:46_2018.avi
196,Rev. Erickson,Wed,Feb,28,11:13:32,2018,11,13,32,Rev. Erickson_Wed_Feb_28_11:13:32_2018.avi,/Volumes/Seagate/MY_COPY/Rev. Erickson/Rev. Erickson_Wed_Feb_28_11:13:32_2018.avi
197,Rev. Erickson,Wed,Feb,28,11:14:04,2018,11,14,4,Rev. Erickson_Wed_Feb_28_11:14:04_2018.avi,/Volumes/Seagate/MY_COPY/Rev. Erickson/Rev. Erickson_Wed_Feb_28_11:14:04_2018.avi
198,Rev. Erickson,Wed,Feb,28,11:14:36,2018,11,14,36,Rev. Erickson_Wed_Feb_28_11:14:36_2018.avi,/Volumes/Seagate/MY_COPY/Rev. Erickson/Rev. Erickson_Wed_Feb_28_11:14:36_2018.avi
199,Rev. Erickson,Wed,Feb,28,11:15:08,2018,11,15,8,Rev. Erickson_Wed_Feb_28_11:15:08_2018.avi,/Volumes/Seagate/MY_COPY/Rev. Erickson/Rev. Erickson_Wed_Feb_28_11:15:08_2018.avi
200,Rev. Erickson,Wed,Feb,28,11:15:48,2018,11,15,48,Rev. Erickson_Wed_Feb_28_11:15:48_2018.avi,/Volumes/Seagate/MY_COPY/Rev. Erickson/Rev. Erickson_Wed_Feb_28_11:15:48_2018.avi
201,Rev. Erickson,Wed,Feb,28,11:24:56,2018,11,24,56,Rev. Erickson_Wed_Feb_28_11:24:56_2018.avi,/Volumes/Seagate/MY_COPY/Rev. Erickson/Rev. Erickson_Wed_Feb_28_11:24:56_2018.avi
202,Rev. Erickson,Wed,Feb,28,12:50:56,2018,12,50,56,Rev. Erickson_Wed_Feb_28_12:50:56_2018.avi,/Volumes/Seagate/MY_COPY/Rev. Erickson/Rev. Erickson_Wed_Feb_28_12:50:56_2018.avi
203,Rev. Erickson,Wed,Feb,28,12:51:28,2018,12,51,28,Rev. Erickson_Wed_Feb_28_12:51:28_2018.avi,/Volumes/Seagate/MY_COPY/Rev. Erickson/Rev. Erickson_Wed_Feb_28_12:51:28_2018.avi
204,Rev. Erickson,Wed,Feb,28,12:52:02,2018,12,52,2,Rev. Erickson_Wed_Feb_28_12:52:02_2018.avi,/Volumes/Seagate/MY_COPY/Rev. Erickson/Rev. Erickson_Wed_Feb_28_12:52:02_2018.avi
205,Rev. Erickson,Wed,Feb,28,13:25:38,2018,13,25,38,Rev. Erickson_Wed_Feb_28_13:25:38_2018.avi,/Volumes/Seagate/MY_COPY/Rev. Erickson/Rev. Erickson_Wed_Feb_28_13:25:38_2018.avi
206,Rev. Erickson,Wed,Feb,28,13:27:20,2018,13,27,20,Rev. Erickson_Wed_Feb_28_13:27:20_2018.avi,/Volumes/Seagate/MY_COPY/Rev. Erickson/Rev. Erickson_Wed_Feb_28_13:27:20_2018.avi
207,Rev. Erickson,Wed,Feb,28,13:29:10,2018,13,29,10,Rev. Erickson_Wed_Feb_28_13:29:10_2018.avi,/Volumes/Seagate/MY_COPY/Rev. Erickson/Rev. Erickson_Wed_Feb_28_13:29:10_2018.avi
208,Rev. Erickson,Wed,Feb,7,10:50:06,2018,10,50,6,Rev. Erickson_Wed_Feb_7_10:50:06_2018.avi,/Volumes/Seagate/MY_COPY/Rev. Erickson/Rev. Erickson_Wed_Feb_7_10:50:06_2018.avi
209,Rev. Erickson,Wed,Feb,7,12:20:06,2018,12,20,6,Rev. Erickson_Wed_Feb_7_12:20:06_2018.avi,/Volumes/Seagate/MY_COPY/Rev. Erickson/Rev. Erickson_Wed_Feb_7_12:20:06_2018.avi
210,Rev. Erickson,Wed,Feb,7,12:54:18,2018,12,54,18,Rev. Erickson_Wed_Feb_7_12:54:18_2018.avi,/Volumes/Seagate/MY_COPY/Rev. Erickson/Rev. Erickson_Wed_Feb_7_12:54:18_2018.avi
211,Rev. Erickson,Wed,Feb,7,12:55:12,2018,12,55,12,Rev. Erickson_Wed_Feb_7_12:55:12_2018.avi,/Volumes/Seagate/MY_COPY/Rev. Erickson/Rev. Erickson_Wed_Feb_7_12:55:12_2018.avi
212,Rev. Erickson,Wed,Feb,7,12:58:20,2018,12,58,20,Rev. Erickson_Wed_Feb_7_12:58:20_2018.avi,/Volumes/Seagate/MY_COPY/Rev. Erickson/Rev. Erickson_Wed_Feb_7_12:58:20_2018.avi
213,Rev. Erickson,Wed,Feb,7,13:02:14,2018,13,2,14,Rev. Erickson_Wed_Feb_7_13:02:14_2018.avi,/Volumes/Seagate/MY_COPY/Rev. Erickson/Rev. Erickson_Wed_Feb_7_13:02:14_2018.avi
214,Rev. Erickson,Wed,Feb,7,13:42:58,2018,13,42,58,Rev. Erickson_Wed_Feb_7_13:42:58_2018.avi,/Volumes/Seagate/MY_COPY/Rev. Erickson/Rev. Erickson_Wed_Feb_7_13:42:58_2018.avi
215,Rev. Erickson,Wed,Feb,7,13:43:36,2018,13,43,36,Rev. Erickson_Wed_Feb_7_13:43:36_2018.avi,/Volumes/Seagate/MY_COPY/Rev. Erickson/Rev. Erickson_Wed_Feb_7_13:43:36_2018.avi
216,Rev. Erickson,Wed,Feb,7,13:45:32,2018,13,45,32,Rev. Erickson_Wed_Feb_7_13:45:32_2018.avi,/Volumes/Seagate/MY_COPY/Rev. Erickson/Rev. Erickson_Wed_Feb_7_13:45:32_2018.avi
217,Rev. Erickson,Wed,Mar,1,12:27:26,2017,12,27,26,Rev. Erickson_Wed_Mar_1_12:27:26_2017.avi,/Volumes/Seagate/MY_COPY/Rev. Erickson/Rev. Erickson_Wed_Mar_1_12:27:26_2017.avi
218,Rev. Erickson,Wed,Mar,1,12:33:18,2017,12,33,18,Rev. Erickson_Wed_Mar_1_12:33:18_2017.avi,/Volumes/Seagate/MY_COPY/Rev. Erickson/Rev. Erickson_Wed_Mar_1_12:33:18_2017.avi
219,Rev. Erickson,Wed,Mar,1,12:33:54,2017,12,33,54,Rev. Erickson_Wed_Mar_1_12:33:54_2017.avi,/Volumes/Seagate/MY_COPY/Rev. Erickson/Rev. Erickson_Wed_Mar_1_12:33:54_2017.avi
220,Rev. Erickson,Wed,Mar,1,12:44:48,2017,12,44,48,Rev. Erickson_Wed_Mar_1_12:44:48_2017.avi,/Volumes/Seagate/MY_COPY/Rev. Erickson/Rev. Erickson_Wed_Mar_1_12:44:48_2017.avi
221,Rev. Erickson,Wed,Mar,1,12:53:22,2017,12,53,22,Rev. Erickson_Wed_Mar_1_12:53:22_2017.avi,/Volumes/Seagate/MY_COPY/Rev. Erickson/Rev. Erickson_Wed_Mar_1_12:53:22_2017.avi
222,Rev. Erickson,Wed,Mar,1,12:54:18,2017,12,54,18,Rev. Erickson_Wed_Mar_1_12:54:18_2017.avi,/Volumes/Seagate/MY_COPY/Rev. Erickson/Rev. Erickson_Wed_Mar_1_12:54:18_2017.avi
223,Rev. Erickson,Wed,Mar,1,13:43:04,2017,13,43,4,Rev. Erickson_Wed_Mar_1_13:43:04_2017.avi,/Volumes/Seagate/MY_COPY/Rev. Erickson/Rev. Erickson_Wed_Mar_1_13:43:04_2017.avi
224,Rev. Erickson,Wed,Mar,1,13:43:34,2017,13,43,34,Rev. Erickson_Wed_Mar_1_13:43:34_2017.avi,/Volumes/Seagate/MY_COPY/Rev. Erickson/Rev. Erickson_Wed_Mar_1_13:43:34_2017.avi
225,Rev. Erickson,Wed,Mar,1,13:44:10,2017,13,44,10,Rev. Erickson_Wed_Mar_1_13:44:10_2017.avi,/Volumes/Seagate/MY_COPY/Rev. Erickson/Rev. Erickson_Wed_Mar_1_13:44:10_2017.avi
226,Rev. Erickson,Wed,Mar,8,09:36:16,2017,9,36,16,Rev. Erickson_Wed_Mar_8_09:36:16_2017.avi,/Volumes/Seagate/MY_COPY/Rev. Erickson/Rev. Erickson_Wed_Mar_8_09:36:16_2017.avi
227,Rev. Erickson,Wed,Mar,8,09:38:56,2017,9,38,56,Rev. Erickson_Wed_Mar_8_09:38:56_2017.avi,/Volumes/Seagate/MY_COPY/Rev. Erickson/Rev. Erickson_Wed_Mar_8_09:38:56_2017.avi
228,Rev. Erickson,Wed,Mar,8,09:39:28,2017,9,39,28,Rev. Erickson_Wed_Mar_8_09:39:28_2017.avi,/Volumes/Seagate/MY_COPY/Rev. Erickson/Rev. Erickson_Wed_Mar_8_09:39:28_2017.avi
229,Rev. Erickson,Wed,Mar,8,09:53:24,2017,9,53,24,Rev. Erickson_Wed_Mar_8_09:53:24_2017.avi,/Volumes/Seagate/MY_COPY/Rev. Erickson/Rev. Erickson_Wed_Mar_8_09:53:24_2017.avi
230,Rev. Erickson,Wed,Mar,8,09:54:16,2017,9,54,16,Rev. Erickson_Wed_Mar_8_09:54:16_2017.avi,/Volumes/Seagate/MY_COPY/Rev. Erickson/Rev. Erickson_Wed_Mar_8_09:54:16_2017.avi
231,Rev. Erickson,Wed,Mar,8,10:45:14,2017,10,45,14,Rev. Erickson_Wed_Mar_8_10:45:14_2017.avi,/Volumes/Seagate/MY_COPY/Rev. Erickson/Rev. Erickson_Wed_Mar_8_10:45:14_2017.avi
232,Rev. Erickson,Wed,Mar,8,10:46:50,2017,10,46,50,Rev. Erickson_Wed_Mar_8_10:46:50_2017.avi,/Volumes/Seagate/MY_COPY/Rev. Erickson/Rev. Erickson_Wed_Mar_8_10:46:50_2017.avi
233,Rev. Erickson,Wed,Mar,8,10:47:22,2017,10,47,22,Rev. Erickson_Wed_Mar_8_10:47:22_2017.avi,/Volumes/Seagate/MY_COPY/Rev. Erickson/Rev. Erickson_Wed_Mar_8_10:47:22_2017.avi
234,Rev. Erickson,Wed,Mar,8,10:48:42,2017,10,48,42,Rev. Erickson_Wed_Mar_8_10:48:42_2017.avi,/Volumes/Seagate/MY_COPY/Rev. Erickson/Rev. Erickson_Wed_Mar_8_10:48:42_2017.avi
235,Rev. Erickson,Wed,Mar,8,10:49:24,2017,10,49,24,Rev. Erickson_Wed_Mar_8_10:49:24_2017.avi,/Volumes/Seagate/MY_COPY/Rev. Erickson/Rev. Erickson_Wed_Mar_8_10:49:24_2017.avi
236,Rev. Erickson,Wed,Mar,8,11:01:16,2017,11,1,16,Rev. Erickson_Wed_Mar_8_11:01:16_2017.avi,/Volumes/Seagate/MY_COPY/Rev. Erickson/Rev. Erickson_Wed_Mar_8_11:01:16_2017.avi
237,Rev. Erickson,Wed,Mar,8,11:02:56,2017,11,2,56,Rev. Erickson_Wed_Mar_8_11:02:56_2017.avi,/Volumes/Seagate/MY_COPY/Rev. Erickson/Rev. Erickson_Wed_Mar_8_11:02:56_2017.avi
238,Rev. Erickson,Wed,Mar,8,13:07:12,2017,13,7,12,Rev. Erickson_Wed_Mar_8_13:07:12_2017.avi,/Volumes/Seagate/MY_COPY/Rev. Erickson/Rev. Erickson_Wed_Mar_8_13:07:12_2017.avi
239,Rev. Erickson,Wed,Mar,8,13:10:06,2017,13,10,6,Rev. Erickson_Wed_Mar_8_13:10:06_2017.avi,/Volumes/Seagate/MY_COPY/Rev. Erickson/Rev. Erickson_Wed_Mar_8_13:10:06_2017.avi
